,libvirt_domain_block_stats_flush_requests_total,libvirt_domain_block_stats_flush_time_seconds_total,libvirt_domain_block_stats_read_bytes_total,libvirt_domain_block_stats_read_requests_total,libvirt_domain_block_stats_read_time_seconds_total,libvirt_domain_block_stats_write_bytes_total,libvirt_domain_block_stats_write_requests_total,libvirt_domain_block_stats_write_time_seconds_total,libvirt_domain_info_cpu_time_seconds_total,libvirt_domain_info_memory_usage_bytes,libvirt_domain_interface_stats_receive_bytes_total,libvirt_domain_interface_stats_receive_drops_total,libvirt_domain_interface_stats_receive_errors_total,libvirt_domain_interface_stats_receive_packets_total,libvirt_domain_interface_stats_transmit_bytes_total,libvirt_domain_interface_stats_transmit_drops_total,libvirt_domain_interface_stats_transmit_errors_total,libvirt_domain_interface_stats_transmit_packets_total ,libvirt_domain_memory_stats_disk_cache_bytes,libvirt_domain_memory_stats_major_fault_total,libvirt_domain_memory_stats_minor_fault_total,libvirt_domain_memory_stats_rss_bytes,libvirt_domain_memory_stats_unused_bytes,libvirt_domain_memory_stats_usable_bytes,libvirt_domain_memory_stats_used_percent,libvirt_domain_vcpu_cpu,libvirt_domain_vcpu_time_seconds_total
0,15871504.0,131.631760776,980214784.0,46481.0,155.539272381,5811597312.0,111165.0,139.674985422,12577.01,1073741824.0,213173711.0,0.0,0.0,94134.0,7936215.0,0.0,0.0,82599.0,0.0,2421.0,93421994.0,1119657984.0,253440000.0,564498432.0,45.33869566769392,13.0,1678.57
1,17405784.0,143.894648907,980214784.0,46481.0,155.539272381,5811597312.0,111165.0,139.674985422,12728.06,1073741824.0,213174857.0,0.0,0.0,94155.0,7937357.0,0.0,0.0,82620.0,0.0,2421.0,101188184.0,1119657984.0,242671616.0,553172992.0,46.435356504011835,25.0,1738.35
2,19025478.0,156.573344411,980214784.0,46481.0,155.539272381,5811597312.0,111165.0,139.674985422,12880.53,1073741824.0,213176153.0,0.0,0.0,94179.0,7938599.0,0.0,0.0,82643.0,0.0,2421.0,108979936.0,1119657984.0,405741568.0,716242944.0,30.64502695048963,13.0,1798.1
3,20504367.0,168.476149607,980214784.0,46481.0,155.539272381,5813547008.0,111577.0,139.958154342,13030.69,1073741824.0,213184506.0,0.0,0.0,94255.0,7949006.0,0.0,0.0,82708.0,0.0,2421.0,116023583.0,1119690752.0,286470144.0,597073920.0,42.1843580072106,6.0,1857.84
4,21935984.0,179.974814559,980214784.0,46481.0,155.539272381,5813547008.0,111577.0,139.958154342,13179.83,1073741824.0,213185370.0,0.0,0.0,94271.0,7949870.0,0.0,0.0,82724.0,0.0,2421.0,123099206.0,1119674368.0,299073536.0,609718272.0,40.95998476970122,16.0,1917.59
5,23336949.0,191.346323725,980214784.0,46481.0,155.539272381,5813547008.0,111577.0,139.958154342,13328.77,1073741824.0,213186280.0,0.0,0.0,94288.0,7950780.0,0.0,0.0,82741.0,0.0,2421.0,130346055.0,1119674368.0,277901312.0,588546048.0,43.01012576895161,31.0,1977.35
6,24866336.0,203.482159184,980214784.0,46481.0,155.539272381,5813547008.0,111577.0,139.958154342,13479.47,1073741824.0,213187376.0,0.0,0.0,94308.0,7951872.0,0.0,0.0,82761.0,0.0,2421.0,138833416.0,1119674368.0,276029440.0,586674176.0,43.191382189276126,5.0,2037.1
7,26356149.0,215.403973046,980214784.0,46481.0,155.539272381,5814145024.0,111708.0,140.016139781,13629.77,1073741824.0,213189835.0,0.0,0.0,94337.0,7955103.0,0.0,0.0,82790.0,0.0,2421.0,146110575.0,1119657984.0,402403328.0,713076736.0,30.95161603782191,7.0,2096.87
8,27932760.0,228.061687041,980214784.0,46481.0,155.539272381,5814165504.0,111712.0,140.016806432,13781.75,1073741824.0,213190421.0,0.0,0.0,94348.0,7955689.0,0.0,0.0,82801.0,0.0,2421.0,152986332.0,1119461376.0,290824192.0,601505792.0,41.755212609418194,11.0,2156.62
9,29471048.0,240.287994461,980214784.0,46481.0,155.539272381,5815234560.0,111934.0,140.219784245,13932.91,1073741824.0,213195781.0,0.0,0.0,94404.0,7962418.0,0.0,0.0,82852.0,0.0,2421.0,160268399.0,1119494144.0,264097792.0,574840832.0,44.33722419872367,31.0,2216.39
10,30931623.0,252.039962419,980214784.0,46481.0,155.539272381,5815873536.0,112072.0,140.283558722,14082.63,1073741824.0,213198566.0,0.0,0.0,94438.0,7966260.0,0.0,0.0,82890.0,0.0,2421.0,167266587.0,1119461376.0,237735936.0,548630528.0,46.87521070563085,31.0,2276.12
11,32403919.0,263.68748859,980214784.0,46481.0,155.539272381,5816832000.0,112268.0,140.423766383,14232.34,1073741824.0,213203350.0,0.0,0.0,94477.0,7972700.0,0.0,0.0,82927.0,0.0,2421.0,174944175.0,1119461376.0,334434304.0,645316608.0,37.51293980462383,31.0,2335.92
12,33900970.0,275.597390972,980214784.0,46481.0,155.539272381,5817282560.0,112360.0,140.573990044,14382.39,1073741824.0,213205831.0,0.0,0.0,94507.0,7975969.0,0.0,0.0,82957.0,0.0,2421.0,182403983.0,1119543296.0,344084480.0,654995456.0,36.57572115861325,25.0,2395.64
13,35342040.0,287.346079008,980214784.0,46481.0,155.539272381,5817282560.0,112360.0,140.573990044,14531.95,1073741824.0,213206691.0,0.0,0.0,94523.0,7976721.0,0.0,0.0,82971.0,0.0,2421.0,190037695.0,1119543296.0,349196288.0,660107264.0,36.08073644840538,9.0,2455.44
14,36838510.0,299.272083522,980214784.0,46481.0,155.539272381,5817307136.0,112365.0,140.575153452,14682.21,1073741824.0,213207467.0,0.0,0.0,94537.0,7977477.0,0.0,0.0,82985.0,0.0,2421.0,198129168.0,1119543296.0,223903744.0,534827008.0,48.21182807213768,9.0,2515.17
15,38362351.0,311.435442463,980214784.0,46481.0,155.539272381,5817307136.0,112365.0,140.575153452,14833.05,1073741824.0,213208393.0,0.0,0.0,94554.0,7978403.0,0.0,0.0,83002.0,0.0,2421.0,205869539.0,1119543296.0,329166848.0,640090112.0,38.019029941022254,23.0,2574.93
16,40010668.0,324.372078503,980214784.0,46481.0,155.539272381,5817307136.0,112365.0,140.575153452,14986.1,1073741824.0,213209153.0,0.0,0.0,94568.0,7979159.0,0.0,0.0,83016.0,0.0,2421.0,213357931.0,1119543296.0,392687616.0,703610880.0,31.868210320907156,16.0,2634.67
17,41431910.0,335.841466428,980214784.0,46481.0,155.539272381,5817307136.0,112365.0,140.575153452,15135.13,1073741824.0,213210239.0,0.0,0.0,94588.0,7980269.0,0.0,0.0,83036.0,0.0,2421.0,220428511.0,1119543296.0,288092160.0,599015424.0,41.99635900669895,15.0,2694.42
18,42978452.0,348.152684529,980214784.0,46481.0,155.539272381,5817307136.0,112365.0,140.575153452,15286.3,1073741824.0,213211161.0,0.0,0.0,94605.0,7981191.0,0.0,0.0,83053.0,0.0,2421.0,228036824.0,1119543296.0,263237632.0,574160896.0,44.40306351113914,3.0,2754.16
19,44489002.0,360.563422997,980214784.0,46481.0,155.539272381,5817794560.0,112465.0,140.65089809,15437.65,1073741824.0,213213868.0,0.0,0.0,94636.0,7984858.0,0.0,0.0,83086.0,0.0,2421.0,234676695.0,1123737600.0,312283136.0,623206400.0,39.65390732521844,27.0,2813.88
20,46026692.0,372.779710108,980214784.0,46481.0,155.539272381,5818048512.0,112517.0,140.727319377,15588.64,1073741824.0,213216727.0,0.0,0.0,94672.0,7988405.0,0.0,0.0,83120.0,0.0,2421.0,242580567.0,1119526912.0,330031104.0,641028096.0,37.92820341967802,13.0,2873.59
21,47700887.0,385.894283471,980214784.0,46481.0,155.539272381,5818048512.0,112517.0,140.727319377,15742.05,1073741824.0,213217429.0,0.0,0.0,94685.0,7989107.0,0.0,0.0,83133.0,0.0,2421.0,251064330.0,1119526912.0,303271936.0,614268928.0,40.519337323354314,25.0,2933.37
22,49292569.0,398.594266781,980214784.0,46481.0,155.539272381,5818437632.0,112601.0,140.805100604,15894.36,1073741824.0,213219598.0,0.0,0.0,94709.0,7992072.0,0.0,0.0,83157.0,0.0,2421.0,258456530.0,1119526912.0,226451456.0,537477120.0,47.95521340266292,3.0,2993.08
23,50946968.0,411.351008724,980214784.0,46481.0,155.539272381,5819072512.0,112734.0,140.894750523,16047.1,1073741824.0,213223652.0,0.0,0.0,94751.0,7997508.0,0.0,0.0,83196.0,0.0,2421.0,266259287.0,1119526912.0,294215680.0,605286400.0,41.389130167493626,13.0,3052.83
24,52569961.0,424.102577587,980214784.0,46481.0,155.539272381,5819805696.0,112889.0,140.967938687,16199.66,1073741824.0,213228014.0,0.0,0.0,94799.0,8005086.0,0.0,0.0,83248.0,0.0,2421.0,274077176.0,1119526912.0,411193344.0,722313216.0,30.057232607117786,3.0,3112.6
25,54155918.0,436.656124083,980214784.0,46481.0,155.539272381,5821501440.0,113236.0,141.297472094,16351.77,1073741824.0,213236236.0,0.0,0.0,94868.0,8024375.0,0.0,0.0,83328.0,0.0,2421.0,281681778.0,1125818368.0,277790720.0,589004800.0,42.96570406418937,31.0,3172.3
26,55821258.0,449.959372414,980214784.0,46481.0,155.539272381,5821501440.0,113236.0,141.297472094,16505.53,1073741824.0,213237278.0,0.0,0.0,94887.0,8025409.0,0.0,0.0,83347.0,0.0,2421.0,289321811.0,1119543296.0,393834496.0,705069056.0,31.72701275934145,3.0,3232.03
27,57435733.0,462.558702992,980214784.0,46481.0,155.539272381,5821501440.0,113236.0,141.297472094,16657.76,1073741824.0,213238046.0,0.0,0.0,94901.0,8026173.0,0.0,0.0,83361.0,0.0,2421.0,296962901.0,1119543296.0,234258432.0,545492992.0,47.179023436415484,7.0,3291.74
28,59158510.0,476.226403917,980214784.0,46481.0,155.539272381,5821501440.0,113236.0,141.297472094,16812.39,1073741824.0,213238810.0,0.0,0.0,94915.0,8026929.0,0.0,0.0,83375.0,0.0,2421.0,304161201.0,1119477760.0,278065152.0,589299712.0,42.93714725398507,31.0,3351.52
29,60759155.0,488.736570101,980214784.0,46481.0,155.539272381,5821501440.0,113236.0,141.297472094,16964.42,1073741824.0,213239692.0,0.0,0.0,94932.0,8027807.0,0.0,0.0,83392.0,0.0,2421.0,312184307.0,1119477760.0,432578560.0,743813120.0,27.975361818751512,31.0,3411.29
30,62423205.0,501.782853528,980214784.0,46481.0,155.539272381,5821538304.0,113243.0,141.29863928,17117.77,1073741824.0,213241330.0,0.0,0.0,94959.0,8029441.0,0.0,0.0,83419.0,0.0,2421.0,320426397.0,1119477760.0,346210304.0,657453056.0,36.33774774024408,31.0,3471.04
31,64074093.0,514.725408176,980214784.0,46481.0,155.539272381,5821538304.0,113243.0,141.29863928,17270.92,1073741824.0,213242385.0,0.0,0.0,94978.0,8030524.0,0.0,0.0,83438.0,0.0,2421.0,328714746.0,1119477760.0,370126848.0,681369600.0,34.021869757148124,5.0,3530.75
32,65734343.0,527.754063363,980214784.0,46481.0,155.539272381,5821538304.0,113243.0,141.29863928,17424.38,1073741824.0,213243357.0,0.0,0.0,94996.0,8031488.0,0.0,0.0,83456.0,0.0,2421.0,336704364.0,1119477760.0,393617408.0,704860160.0,31.747240499902826,5.0,3590.45
33,67373344.0,540.629535196,980214784.0,46481.0,155.539272381,5821538304.0,113243.0,141.29863928,17577.36,1073741824.0,213244711.0,0.0,0.0,95021.0,8032788.0,0.0,0.0,83480.0,0.0,2421.0,345113379.0,1119477760.0,309833728.0,621076480.0,39.86015095447172,11.0,3650.16
34,68988469.0,553.590464687,980214784.0,46481.0,155.539272381,5822291968.0,113402.0,141.447639131,17730.53,1073741824.0,213248156.0,0.0,0.0,95058.0,8036892.0,0.0,0.0,83513.0,0.0,2421.0,353158347.0,1119477760.0,245522432.0,556822528.0,46.081965977733624,31.0,3709.92
35,70681721.0,566.95612289,980214784.0,46481.0,155.539272381,5822291968.0,113402.0,141.447639131,17884.77,1073741824.0,213249580.0,0.0,0.0,95077.0,8038332.0,0.0,0.0,83532.0,0.0,2421.0,360879023.0,1119477760.0,297107456.0,608407552.0,41.08690392616478,3.0,3769.66
36,72373090.0,580.520817902,980214784.0,46481.0,155.539272381,5822291968.0,113402.0,141.447639131,18039.45,1073741824.0,213250584.0,0.0,0.0,95095.0,8039336.0,0.0,0.0,83550.0,0.0,2421.0,368650647.0,1119477760.0,274284544.0,585584640.0,43.29688373808646,13.0,3829.39
37,74034483.0,593.630988292,980214784.0,46481.0,155.539272381,5822291968.0,113402.0,141.447639131,18193.03,1073741824.0,213251860.0,0.0,0.0,95117.0,8040612.0,0.0,0.0,83572.0,0.0,2421.0,376570002.0,1119477760.0,317362176.0,628662272.0,39.125606336438885,13.0,3889.16
38,75717009.0,607.036903983,980214784.0,46481.0,155.539272381,5822291968.0,113402.0,141.447639131,18347.35,1073741824.0,213252716.0,0.0,0.0,95133.0,8041468.0,0.0,0.0,83588.0,0.0,2421.0,384445592.0,1119477760.0,271175680.0,582475776.0,43.59792011232346,13.0,3948.92
39,77323870.0,619.910696554,980214784.0,46481.0,155.539272381,5822316544.0,113407.0,141.448609326,18500.23,1073741824.0,213254064.0,0.0,0.0,95151.0,8042844.0,0.0,0.0,83606.0,0.0,2421.0,392554525.0,1119477760.0,343330816.0,654639104.0,36.610227304276776,9.0,4008.62
40,78947327.0,632.799381302,980214784.0,46481.0,155.539272381,5822316544.0,113407.0,141.448609326,18653.31,1073741824.0,213255098.0,0.0,0.0,95170.0,8043874.0,0.0,0.0,83625.0,0.0,2421.0,400526733.0,1119477760.0,304001024.0,615309312.0,40.418595242911366,5.0,4068.37
41,80539657.0,645.914649511,980214784.0,46481.0,155.539272381,5822316544.0,113407.0,141.448609326,18806.79,1073741824.0,213255882.0,0.0,0.0,95184.0,8044658.0,0.0,0.0,83639.0,0.0,2421.0,408777753.0,1119477760.0,330539008.0,641720320.0,37.861174240170705,13.0,4128.14
42,82194717.0,659.090834579,980214784.0,46481.0,155.539272381,5822808064.0,113505.0,141.590720419,18960.56,1073741824.0,213258405.0,0.0,0.0,95213.0,8047973.0,0.0,0.0,83668.0,0.0,2421.0,416605003.0,1119543296.0,216547328.0,527912960.0,48.88132662248294,31.0,4187.91
43,83893409.0,672.602643872,980214784.0,46481.0,155.539272381,5823094784.0,113565.0,141.625906263,19115.1,1073741824.0,213261083.0,0.0,0.0,95239.0,8051339.0,0.0,0.0,83692.0,0.0,2421.0,424385883.0,1123745792.0,290566144.0,601931776.0,41.71396388356754,31.0,4247.61
44,85622276.0,686.195375734,980214784.0,46481.0,155.539272381,5824090112.0,113774.0,142.357778321,19269.79,1073741824.0,213265562.0,0.0,0.0,95282.0,8057162.0,0.0,0.0,83731.0,0.0,2421.0,432586486.0,1119592448.0,342212608.0,653664256.0,36.704623426896546,1.0,4307.29
45,87237164.0,699.008247687,980214784.0,46481.0,155.539272381,5824090112.0,113774.0,142.357778321,19422.5,1073741824.0,213267634.0,0.0,0.0,95310.0,8059206.0,0.0,0.0,83759.0,0.0,2421.0,440937989.0,1119592448.0,280788992.0,592240640.0,42.65237239666996,11.0,4366.98
46,88826398.0,711.835002511,980214784.0,46481.0,155.539272381,5824700416.0,113880.0,144.97702634,19575.25,1073741824.0,213268612.0,0.0,0.0,95327.0,8060250.0,0.0,0.0,83777.0,0.0,2421.0,449210705.0,1119674368.0,355041280.0,666542080.0,35.457642714642105,9.0,4426.73
47,90602811.0,725.695997979,980214784.0,46481.0,155.539272381,5824724992.0,113885.0,144.978856756,19730.74,1073741824.0,213269468.0,0.0,0.0,95343.0,8061052.0,0.0,0.0,83792.0,0.0,2421.0,458151691.0,1119674368.0,373993472.0,685506560.0,33.62128116956003,5.0,4486.47
48,92200678.0,738.519824213,980214784.0,46481.0,155.539272381,5825159168.0,113977.0,145.017654541,19883.46,1073741824.0,213271174.0,0.0,0.0,95372.0,8062642.0,0.0,0.0,83818.0,0.0,2421.0,466112018.0,1119674368.0,252858368.0,564404224.0,45.34781798206474,13.0,4546.2
49,93768875.0,750.841223402,980214784.0,46481.0,155.539272381,5825159168.0,113977.0,145.017654541,20035.05,1073741824.0,213271934.0,0.0,0.0,95386.0,8063402.0,0.0,0.0,83832.0,0.0,2421.0,474786259.0,1119674368.0,290856960.0,602402816.0,41.66835231171345,7.0,4605.99
50,95362921.0,763.741997333,980214784.0,46481.0,155.539272381,5825159168.0,113977.0,145.017654541,20187.94,1073741824.0,213273842.0,0.0,0.0,95414.0,8065310.0,0.0,0.0,83860.0,0.0,2421.0,483247511.0,1119674368.0,261812224.0,573358080.0,44.48080149447307,27.0,4665.72
51,97032246.0,776.996854598,980214784.0,46481.0,155.539272381,5825159168.0,113977.0,145.017654541,20341.82,1073741824.0,213275160.0,0.0,0.0,95430.0,8066672.0,0.0,0.0,83876.0,0.0,2421.0,490856551.0,1119674368.0,368123904.0,679669760.0,34.1864680381868,5.0,4725.46
52,98576543.0,789.432820233,980214784.0,46481.0,155.539272381,5825159168.0,113977.0,145.017654541,20493.55,1073741824.0,213276078.0,0.0,0.0,95447.0,8067590.0,0.0,0.0,83893.0,0.0,2421.0,498929647.0,1119674368.0,317603840.0,629149696.0,39.078408275129,5.0,4785.18
53,100160169.0,801.843693849,980214784.0,46481.0,155.539272381,5825179648.0,113981.0,145.018473491,20645.2,1073741824.0,213276846.0,0.0,0.0,95461.0,8068590.0,0.0,0.0,83911.0,0.0,2421.0,507287712.0,1119674368.0,308891648.0,620441600.0,39.92162742088375,3.0,4844.9
54,101647844.0,813.967220955,980214784.0,46481.0,155.539272381,5825179648.0,113981.0,145.018473491,20795.69,1073741824.0,213277552.0,0.0,0.0,95474.0,8069346.0,0.0,0.0,83925.0,0.0,2421.0,514644173.0,1119674368.0,376061952.0,687611904.0,33.41741727449044,11.0,4904.66
55,103168689.0,826.258391735,980214784.0,46481.0,155.539272381,5825179648.0,113981.0,145.018473491,20946.75,1073741824.0,213279610.0,0.0,0.0,95505.0,8071400.0,0.0,0.0,83956.0,0.0,2421.0,521839436.0,1119674368.0,297877504.0,609427456.0,40.98814495754158,9.0,4964.39
56,104909639.0,839.969851173,980214784.0,46481.0,155.539272381,5825179648.0,113981.0,145.018473491,21101.56,1073741824.0,213280834.0,0.0,0.0,95526.0,8072620.0,0.0,0.0,83977.0,0.0,2421.0,529675570.0,1119674368.0,278724608.0,590274560.0,42.8427511313653,7.0,5024.15
57,106487518.0,852.793585297,980214784.0,46481.0,155.539272381,5825179648.0,113981.0,145.018473491,21254.06,1073741824.0,213281748.0,0.0,0.0,95543.0,8073534.0,0.0,0.0,83994.0,0.0,2421.0,536523329.0,1119674368.0,281931776.0,593481728.0,42.53219582039353,9.0,5083.92
58,108042896.0,865.340921911,980214784.0,46481.0,155.539272381,5825179648.0,113981.0,145.018473491,21405.78,1073741824.0,213282776.0,0.0,0.0,95561.0,8074498.0,0.0,0.0,84012.0,0.0,2421.0,543441474.0,1119477760.0,265170944.0,576720896.0,44.15517453367126,29.0,5143.64
59,109491758.0,877.187368723,980214784.0,46481.0,155.539272381,5825179648.0,113981.0,145.018473491,21555.82,1073741824.0,213283706.0,0.0,0.0,95578.0,8075420.0,0.0,0.0,84029.0,0.0,2421.0,550930363.0,1119477760.0,326533120.0,638083072.0,38.21337489935708,31.0,5203.41
60,111006677.0,889.515177614,980214784.0,46481.0,155.539272381,5825179648.0,113981.0,145.018473491,21706.95,1073741824.0,213285714.0,0.0,0.0,95608.0,8077424.0,0.0,0.0,84059.0,0.0,2421.0,557880451.0,1119477760.0,313266176.0,624816128.0,39.49803473618663,17.0,5263.13
61,112568345.0,902.003837961,980214784.0,46481.0,155.539272381,5825179648.0,113981.0,145.018473491,21858.59,1073741824.0,213286348.0,0.0,0.0,95619.0,8078058.0,0.0,0.0,84070.0,0.0,2421.0,565279136.0,1119477760.0,325697536.0,637247488.0,38.294285861602596,12.0,5322.88
62,114149829.0,914.768261013,980214784.0,46481.0,155.539272381,5825179648.0,113981.0,145.018473491,22010.9,1073741824.0,213287349.0,0.0,0.0,95637.0,8079103.0,0.0,0.0,84088.0,0.0,2421.0,572689531.0,1119477760.0,321552384.0,633102336.0,38.69566769391859,31.0,5382.61
63,115704580.0,927.44613649,980214784.0,46481.0,155.539272381,5825179648.0,113981.0,145.018473491,22162.96,1073741824.0,213288043.0,0.0,0.0,95650.0,8079797.0,0.0,0.0,84101.0,0.0,2421.0,580011678.0,1119477760.0,395104256.0,706654208.0,31.573519904493335,9.0,5442.34
64,117284959.0,940.233847306,980214784.0,46481.0,155.539272381,5825196032.0,113984.0,145.018976381,22315.34,1073741824.0,213289013.0,0.0,0.0,95667.0,8080767.0,0.0,0.0,84118.0,0.0,2421.0,586986871.0,1119477760.0,278794240.0,590344192.0,42.83600855117817,31.0,5502.08
65,118882610.0,952.704644891,980214784.0,46481.0,155.539272381,5825875968.0,114126.0,145.144583791,22467.3,1073741824.0,213296395.0,0.0,0.0,95732.0,8088453.0,0.0,0.0,84167.0,0.0,2421.0,594381079.0,1125785600.0,328736768.0,640294912.0,37.99919882282482,3.0,5561.82
66,120539775.0,965.754592557,980214784.0,46481.0,155.539272381,5825875968.0,114126.0,145.144583791,22620.69,1073741824.0,213297051.0,0.0,0.0,95744.0,8089059.0,0.0,0.0,84178.0,0.0,2421.0,602426853.0,1119477760.0,396759040.0,708370432.0,31.407335133998867,1.0,5621.58
67,122206604.0,978.860848297,980214784.0,46481.0,155.539272381,5827084288.0,114374.0,145.408637037,22774.42,1073741824.0,213302573.0,0.0,0.0,95794.0,8095882.0,0.0,0.0,84220.0,0.0,2421.0,610235419.0,1119477760.0,364146688.0,675840000.0,34.55730994847875,11.0,5681.4
68,123900124.0,992.216357267,980214784.0,46481.0,155.539272381,5827084288.0,114374.0,145.408637037,22928.45,1073741824.0,213304638.0,0.0,0.0,95810.0,8098051.0,0.0,0.0,84236.0,0.0,2421.0,617857645.0,1119477760.0,416239616.0,727932928.0,29.513066723780288,9.0,5741.12
69,125494623.0,1005.069384595,980214784.0,46481.0,155.539272381,5827084288.0,114374.0,145.408637037,23080.92,1073741824.0,213305236.0,0.0,0.0,95821.0,8098641.0,0.0,0.0,84247.0,0.0,2421.0,624836042.0,1119477760.0,286883840.0,598577152.0,42.038797599641455,23.0,5800.87
70,127043089.0,1017.682465743,980214784.0,46481.0,155.539272381,5827104768.0,114378.0,145.409261111,23232.83,1073741824.0,213306622.0,0.0,0.0,95839.0,8100051.0,0.0,0.0,84265.0,0.0,2421.0,631972735.0,1119477760.0,354181120.0,665874432.0,35.52229215996573,31.0,5860.6
71,128685169.0,1030.58911786,980214784.0,46481.0,155.539272381,5827104768.0,114378.0,145.409261111,23385.72,1073741824.0,213307711.0,0.0,0.0,95858.0,8101140.0,0.0,0.0,84284.0,0.0,2421.0,639227380.0,1119477760.0,396115968.0,707817472.0,31.46087915313193,9.0,5920.35
72,130311568.0,1043.604148362,980214784.0,46481.0,155.539272381,5827104768.0,114378.0,145.409261111,23538.96,1073741824.0,213308533.0,0.0,0.0,95873.0,8101946.0,0.0,0.0,84299.0,0.0,2421.0,647403286.0,1119477760.0,366657536.0,678359040.0,34.31338719465036,3.0,5980.11
73,131909773.0,1056.195572377,980214784.0,46481.0,155.539272381,5827104768.0,114378.0,145.409261111,23691.18,1073741824.0,213309343.0,0.0,0.0,95888.0,8102752.0,0.0,0.0,84314.0,0.0,2421.0,655505942.0,1119477760.0,369729536.0,681304064.0,34.0282157149713,3.0,6039.85
74,133448486.0,1068.638168161,980214784.0,46481.0,155.539272381,5827104768.0,114378.0,145.409261111,23842.75,1073741824.0,213310273.0,0.0,0.0,95905.0,8103682.0,0.0,0.0,84331.0,0.0,2421.0,663002374.0,1119477760.0,321425408.0,633126912.0,38.693287959734896,10.0,6099.59
75,135058708.0,1081.226015098,980214784.0,46481.0,155.539272381,5827104768.0,114378.0,145.409261111,23994.94,1073741824.0,213310871.0,0.0,0.0,95916.0,8104272.0,0.0,0.0,84342.0,0.0,2421.0,670536624.0,1119477760.0,331202560.0,642904064.0,37.74655037698956,3.0,6159.36
76,136598505.0,1093.407573122,980214784.0,46481.0,155.539272381,5827104768.0,114378.0,145.409261111,24145.95,1073741824.0,213312087.0,0.0,0.0,95938.0,8105484.0,0.0,0.0,84364.0,0.0,2421.0,678424776.0,1119477760.0,367804416.0,679505920.0,34.202332932744746,2.0,6219.11
77,138063274.0,1105.528008334,980214784.0,46481.0,155.539272381,5827104768.0,114378.0,145.409261111,24296.53,1073741824.0,213313148.0,0.0,0.0,95956.0,8107579.0,0.0,0.0,84381.0,0.0,2421.0,685590928.0,1119477760.0,409284608.0,720986112.0,30.185738253037137,21.0,6278.88
78,139678408.0,1118.128597772,980214784.0,46481.0,155.539272381,5827358720.0,114427.0,145.907258841,24448.63,1073741824.0,213315205.0,0.0,0.0,95978.0,8110420.0,0.0,0.0,84403.0,0.0,2421.0,692814455.0,1121509376.0,349822976.0,661524480.0,35.94350511047916,1.0,6338.59
79,141295575.0,1130.937361431,980214784.0,46481.0,155.539272381,5827358720.0,114427.0,145.907258841,24601.4,1073741824.0,213316793.0,0.0,0.0,95998.0,8111536.0,0.0,0.0,84423.0,0.0,2421.0,701112386.0,1119461376.0,322539520.0,634265600.0,38.58302694255718,7.0,6398.36
80,142885279.0,1143.374427564,980214784.0,46481.0,155.539272381,5827358720.0,114427.0,145.907258841,24753.24,1073741824.0,213317615.0,0.0,0.0,96013.0,8112358.0,0.0,0.0,84438.0,0.0,2421.0,709304721.0,1119461376.0,321302528.0,633028608.0,38.70280689646967,3.0,6458.11
81,144460276.0,1155.730113553,980214784.0,46481.0,155.539272381,5827358720.0,114427.0,145.907258841,24904.91,1073741824.0,213318263.0,0.0,0.0,96025.0,8113006.0,0.0,0.0,84450.0,0.0,2421.0,717334891.0,1119461376.0,313049088.0,624775168.0,39.50200095982612,9.0,6517.87
82,146085136.0,1168.585256635,980214784.0,46481.0,155.539272381,5827358720.0,114427.0,145.907258841,25057.84,1073741824.0,213319131.0,0.0,0.0,96041.0,8113874.0,0.0,0.0,84466.0,0.0,2421.0,725155845.0,1119461376.0,301006848.0,612732928.0,40.66807070983504,11.0,6577.59
83,147608877.0,1180.823573167,980214784.0,46481.0,155.539272381,5827379200.0,114431.0,145.907895504,25209.04,1073741824.0,213319679.0,0.0,0.0,96051.0,8114418.0,0.0,0.0,84476.0,0.0,2421.0,732595615.0,1119461376.0,215965696.0,527691776.0,48.902744230136165,1.0,6637.33
84,149318427.0,1193.811147849,980214784.0,46481.0,155.539272381,5828198400.0,114603.0,146.00850273,25362.47,1073741824.0,213322842.0,0.0,0.0,96083.0,8118136.0,0.0,0.0,84502.0,0.0,2421.0,740650101.0,1119461376.0,381546496.0,693354496.0,32.861352720234486,1.0,6697.12
85,151053944.0,1207.524449092,980214784.0,46481.0,155.539272381,5828198400.0,114603.0,146.00850273,25517.5,1073741824.0,213323752.0,0.0,0.0,96100.0,8119046.0,0.0,0.0,84519.0,0.0,2421.0,748780834.0,1119461376.0,229842944.0,541650944.0,47.55105521379929,13.0,6756.84
86,152804412.0,1221.087640693,980214784.0,46481.0,155.539272381,5828198400.0,114603.0,146.00850273,25672.24,1073741824.0,213324709.0,0.0,0.0,96117.0,8120027.0,0.0,0.0,84536.0,0.0,2421.0,756700737.0,1119461376.0,270635008.0,582443008.0,43.60109309123504,11.0,6816.6
87,154357276.0,1233.487527023,980214784.0,46481.0,155.539272381,5828198400.0,114603.0,146.00850273,25823.61,1073741824.0,213325403.0,0.0,0.0,96130.0,8120709.0,0.0,0.0,84549.0,0.0,2421.0,764392970.0,1119461376.0,304410624.0,616218624.0,40.330545078114774,29.0,6876.33
88,155941126.0,1246.093162917,980214784.0,46481.0,155.539272381,5828198400.0,114603.0,146.00850273,25975.8,1073741824.0,213326230.0,0.0,0.0,96145.0,8121564.0,0.0,0.0,84564.0,0.0,2421.0,771662292.0,1119461376.0,325521408.0,637329408.0,38.28635341432362,27.0,6936.07
89,157572301.0,1258.693982241,980214784.0,46481.0,155.539272381,5828554752.0,114679.0,146.057191412,26128.21,1073741824.0,213327594.0,0.0,0.0,96167.0,8123857.0,0.0,0.0,84584.0,0.0,2421.0,779585188.0,1119461376.0,356409344.0,668262400.0,35.291061321783694,1.0,6995.84
90,159173751.0,1271.547269469,980214784.0,46481.0,155.539272381,5828554752.0,114679.0,146.057191412,26280.91,1073741824.0,213328423.0,0.0,0.0,96181.0,8124714.0,0.0,0.0,84598.0,0.0,2421.0,786773514.0,1119461376.0,306667520.0,618520576.0,40.10764330957566,8.0,7055.59
91,160729216.0,1283.914537132,980214784.0,46481.0,155.539272381,5828554752.0,114679.0,146.057191412,26432.47,1073741824.0,213329733.0,0.0,0.0,96196.0,8126080.0,0.0,0.0,84613.0,0.0,2421.0,794191090.0,1119461376.0,391774208.0,703627264.0,31.86662383145136,7.0,7115.33
92,162341394.0,1296.6644465,980214784.0,46481.0,155.539272381,5828554752.0,114679.0,146.057191412,26585.13,1073741824.0,213330551.0,0.0,0.0,96211.0,8126894.0,0.0,0.0,84628.0,0.0,2421.0,802100831.0,1119461376.0,205627392.0,517480448.0,49.89152378346005,13.0,7175.07
93,163890294.0,1309.107839014,980214784.0,46481.0,155.539272381,5828554752.0,114679.0,146.057191412,26736.65,1073741824.0,213331095.0,0.0,0.0,96221.0,8127434.0,0.0,0.0,84638.0,0.0,2421.0,809323485.0,1119461376.0,322940928.0,634793984.0,38.53186265760781,5.0,7234.84
94,165415200.0,1321.680965203,980214784.0,46481.0,155.539272381,5828554752.0,114679.0,146.057191412,26888.54,1073741824.0,213331937.0,0.0,0.0,96236.0,8128256.0,0.0,0.0,84653.0,0.0,2421.0,816569774.0,1119461376.0,265211904.0,577064960.0,44.121858255099575,31.0,7294.6
95,166941075.0,1333.869206579,980214784.0,46481.0,155.539272381,5828554752.0,114679.0,146.057191412,27039.63,1073741824.0,213333148.0,0.0,0.0,96251.0,8129495.0,0.0,0.0,84668.0,0.0,2421.0,824695478.0,1119461376.0,402759680.0,714612736.0,30.80288265134118,3.0,7354.31
96,168601539.0,1346.811999386,980214784.0,46481.0,155.539272381,5828554752.0,114679.0,146.057191412,27192.86,1073741824.0,213334014.0,0.0,0.0,96260.0,8130389.0,0.0,0.0,84677.0,0.0,2421.0,832774009.0,1119461376.0,196202496.0,508055552.0,50.80415184290582,9.0,7414.1
97,170187953.0,1359.179002982,980214784.0,46481.0,155.539272381,5828554752.0,114679.0,146.057191412,27344.56,1073741824.0,213334820.0,0.0,0.0,96275.0,8131195.0,0.0,0.0,84692.0,0.0,2421.0,841284680.0,1119461376.0,233152512.0,545005568.0,47.22622149772537,3.0,7473.83
98,171858748.0,1372.178921862,980214784.0,46481.0,155.539272381,5828554752.0,114679.0,146.057191412,27497.99,1073741824.0,213335742.0,0.0,0.0,96292.0,8132063.0,0.0,0.0,84708.0,0.0,2421.0,849531766.0,1119461376.0,409796608.0,721649664.0,30.12148543007746,3.0,7533.61
99,173507526.0,1385.101733976,980214784.0,46481.0,155.539272381,5830160384.0,115016.0,146.319866869,27650.98,1073741824.0,213342351.0,0.0,0.0,96354.0,8140721.0,0.0,0.0,84763.0,0.0,2421.0,857585989.0,1123680256.0,311058432.0,623034368.0,39.670565464504286,11.0,7593.38
100,175172763.0,1398.209896124,980214784.0,46481.0,155.539272381,5830160384.0,115016.0,146.319866869,27804.59,1073741824.0,213343431.0,0.0,0.0,96374.0,8141797.0,0.0,0.0,84783.0,0.0,2421.0,865394219.0,1119543296.0,408911872.0,720932864.0,30.19089434376847,5.0,7653.14
101,176730073.0,1410.240077134,980214784.0,46481.0,155.539272381,5830815744.0,115150.0,146.455320418,27955.62,1073741824.0,213347179.0,0.0,0.0,96411.0,8146931.0,0.0,0.0,84817.0,0.0,2421.0,873789074.0,1127915520.0,385802240.0,697847808.0,32.426257986982854,5.0,7712.89
102,178259965.0,1422.156168131,980214784.0,46481.0,155.539272381,5830815744.0,115150.0,146.455320418,28106.24,1073741824.0,213348097.0,0.0,0.0,96428.0,8147845.0,0.0,0.0,84834.0,0.0,2421.0,882176288.0,1119543296.0,394407936.0,706482176.0,31.590178043779176,1.0,7772.64
103,179940186.0,1435.315143275,980214784.0,46481.0,155.539272381,5831217152.0,115235.0,146.497144493,28259.95,1073741824.0,213350650.0,0.0,0.0,96458.0,8152168.0,0.0,0.0,84863.0,0.0,2421.0,889721503.0,1119526912.0,362156032.0,674250752.0,34.711199425690815,1.0,7832.39
104,181575451.0,1448.297389812,980214784.0,46481.0,155.539272381,5831241728.0,115240.0,146.498284336,28413.02,1073741824.0,213351410.0,0.0,0.0,96472.0,8152994.0,0.0,0.0,84878.0,0.0,2421.0,897060055.0,1119526912.0,234070016.0,546177024.0,47.11278750163607,1.0,7892.13
105,183165832.0,1460.97111343,980214784.0,46481.0,155.539272381,5831241728.0,115240.0,146.498284336,28565.41,1073741824.0,213352066.0,0.0,0.0,96484.0,8153650.0,0.0,0.0,84890.0,0.0,2421.0,904416551.0,1119526912.0,300859392.0,612966400.0,40.64546323508998,29.0,7951.9
106,184673980.0,1472.775907468,980214784.0,46481.0,155.539272381,5831868416.0,115355.0,146.827025055,28715.76,1073741824.0,213352922.0,0.0,0.0,96500.0,8154502.0,0.0,0.0,84906.0,0.0,2421.0,912795921.0,1119592448.0,340889600.0,653033472.0,36.765703270944634,3.0,8011.66
107,186277788.0,1485.358516095,980214784.0,46481.0,155.539272381,5831868416.0,115355.0,146.827025055,28867.99,1073741824.0,213353906.0,0.0,0.0,96518.0,8155486.0,0.0,0.0,84924.0,0.0,2421.0,920912738.0,1119592448.0,246325248.0,558469120.0,45.92252378742628,9.0,8071.43
108,187855131.0,1497.704066555,980214784.0,46481.0,155.539272381,5831868416.0,115355.0,146.827025055,29019.6,1073741824.0,213354600.0,0.0,0.0,96531.0,8156172.0,0.0,0.0,84937.0,0.0,2421.0,928790472.0,1119592448.0,325558272.0,637702144.0,38.2502607792043,1.0,8131.14
109,189480492.0,1510.40602531,980214784.0,46481.0,155.539272381,5831868416.0,115355.0,146.827025055,29172.06,1073741824.0,213355202.0,0.0,0.0,96542.0,8156774.0,0.0,0.0,84948.0,0.0,2421.0,937039986.0,1119592448.0,263753728.0,575897600.0,44.23489562882493,27.0,8190.9
110,191127768.0,1523.256540436,980214784.0,46481.0,155.539272381,5831868416.0,115355.0,146.827025055,29325.01,1073741824.0,213356594.0,0.0,0.0,96558.0,8157650.0,0.0,0.0,84964.0,0.0,2421.0,944862074.0,1119592448.0,262598656.0,574742528.0,44.34674313545844,17.0,8250.62
111,192815666.0,1536.371176029,980214784.0,46481.0,155.539272381,5831892992.0,115360.0,146.828079709,29478.68,1073741824.0,213357138.0,0.0,0.0,96568.0,8158194.0,0.0,0.0,84974.0,0.0,2421.0,952845214.0,1119592448.0,313008128.0,625164288.0,39.464321835251006,23.0,8310.36
112,194443692.0,1548.998318688,980214784.0,46481.0,155.539272381,5832519680.0,115493.0,146.893481398,29630.95,1073741824.0,213359759.0,0.0,0.0,96600.0,8161801.0,0.0,0.0,85008.0,0.0,2421.0,960247014.0,1119592448.0,331517952.0,643715072.0,37.66801914892773,11.0,8370.11
113,195987084.0,1561.153537648,980214784.0,46481.0,155.539272381,5832519680.0,115493.0,146.893481398,29781.97,1073741824.0,213360473.0,0.0,0.0,96613.0,8162511.0,0.0,0.0,85021.0,0.0,2421.0,968141079.0,1119592448.0,343408640.0,655605760.0,36.51662442638491,5.0,8429.85
114,197588009.0,1573.532217946,980214784.0,46481.0,155.539272381,5832519680.0,115493.0,146.893481398,29933.8,1073741824.0,213360905.0,0.0,0.0,96621.0,8162939.0,0.0,0.0,85029.0,0.0,2421.0,976041223.0,1119592448.0,331296768.0,643493888.0,37.68943675658096,29.0,8489.6
115,199102129.0,1585.462572247,980214784.0,46481.0,155.539272381,5832519680.0,115493.0,146.893481398,30084.36,1073741824.0,213361657.0,0.0,0.0,96635.0,8163637.0,0.0,0.0,85042.0,0.0,2421.0,984363912.0,1119592448.0,198606848.0,510803968.0,50.538018236696296,29.0,8549.36
116,200752053.0,1598.083547737,980214784.0,46481.0,155.539272381,5833736192.0,115751.0,147.074266707,30236.76,1073741824.0,213369459.0,0.0,0.0,96695.0,8173794.0,0.0,0.0,85096.0,0.0,2421.0,992174662.0,1121722368.0,330186752.0,642473984.0,37.78819572520416,3.0,8609.08
117,202266632.0,1610.345466201,980214784.0,46481.0,155.539272381,5835571200.0,116130.0,147.37584604,30387.8,1073741824.0,213378443.0,0.0,0.0,96761.0,8186024.0,0.0,0.0,85157.0,0.0,2421.0,999122613.0,1125908480.0,432439296.0,745000960.0,27.860341333206414,22.0,8668.82
118,203879287.0,1623.540493265,980214784.0,46481.0,155.539272381,5836783616.0,116377.0,147.623195934,30541.1,1073741824.0,213387199.0,0.0,0.0,96823.0,8199222.0,0.0,0.0,85216.0,0.0,2421.0,1006008289.0,1121648640.0,293548032.0,606277632.0,41.29314755541806,31.0,8728.6
119,205443920.0,1636.256858161,980214784.0,46481.0,155.539272381,5838757888.0,116786.0,148.367988388,30693.44,1073741824.0,213398216.0,0.0,0.0,96902.0,8214173.0,0.0,0.0,85287.0,0.0,2421.0,1012894702.0,1123786752.0,418811904.0,731656192.0,29.152536994951,3.0,8788.35
